id,question,answer,category,isActive,hitCount,aliases,keywords,createdAt,updatedAt
faq_patch_chuguo_01,中外联合培养项目能否不出国？是否必须出国？,可以。除金融学中澳班外，其他中外联合培养项目均可选择不出国，通过在地国际化在国内完成学业。\n\n不同项目的出国要求：\n- 金融学中澳班：属于定向出国培养项目，报考时需有明确的出国意向，不适合明确选择不出国的同学。\n- 其他联培项目（计算机、通信工程、人工智能、英语、会计学、金融学国际班、法学等）：鼓励出国，但允许因个人原因选择在地国际化，留在五邑大学按国际化培养模式完成后续学业。\n\n选择不出国（在地国际化）的影响：\n- 仅授予五邑大学学士学位和本科毕业证\n- 无法获得国外合作院校的学位\n- 出国无额外选拔考试，凡修读完国内阶段课程且英语达到合作院校要求的学生，均可申请出国\n- 选择不出国无需提供证明，留在原班级编制，不重新分配班级\n\n具体以当年官方通知为准。,出国政策,t,124,"{可以不出国吗,必须出国吗,能在国内读吗,不出国可以吗,在地国际化}","{不出国,出国,在地国际化,必须出国,中澳班,定向出国,双学位,培养模式,国内完成培养}",2026-06-10 23:56:00.769,2026-06-17 10:13:53.863
faq_patch_zhaosc_01,联合培养项目的招生计划是怎样的2026年各专业招生人数是多少,"2026年五邑大学中外联合培养项目各专业计划招生人数如下：

| 专业 | 2026年计划招生人数 |
|------|-------------------|
| 计算机科学与技术 | 90人 |
| 通信工程 | 120人 |
| 人工智能 | 140人 |
| 英语 | 70人 |
| 会计学 | 120人 |
| 金融学（国际班） | 65人 |
| 金融学（中澳班） | 45人 |
| 法学 | 100人 |

**合计：750人**

招生对象为广东省普通夏季高考考生，公共外语教学为英语，非英语语种考生慎重报考。录取时达到广东省对应批次录取分数线，优先考虑填报第一专业志愿的考生。",intent_招生计划,t,77,"{招生计划,各专业招多少人,总招生人数}","{招生计划,招生人数,名额,计划,90人,120人,140人,750人}",2026-06-10 22:49:43.811,2026-06-17 09:52:13.322
faq_table_1781023978596_51fb,中外联合培养项目在读期间可以转专业吗有什么规定,"结论：不可以转入项目外普通专业。

中外联合培养项目录取的本科生，在读期间不得转入项目外其他普通专业（即不能换到其他普通本科院系）。

例外情况：本校其他普通专业学生若符合接收条件，可以申请转入中外联合培养项目内的相关专业。

项目内转专业：在联培专业之间互换（如计算机↔通信工程），需参加国际教育学院考核选拔，接收人数不超过该专业当年计划招生人数的15%，具体参见《2025年国际教育学院本科学生转专业工作实施方案》。

以上规定以当年学校正式转专业方案及学院通知为准，如有疑问请联系国际教育学院咨询老师。",转专业,t,75,"{转专业规定,能转专业吗,转专业条件}","{会计,金融,法学,转专业}",2026-06-10 00:52:58.597,2026-06-17 09:54:44.85
faq_official_2026_02,颁发的学位证书和毕业证书是否与颁发学校的其他全日制本科一样?是否标注“中外联合培养”等不同字样?,联合培养学生获得的五邑大学学位证书和毕业证书与其他全日制本科生获得的学位学历证书一样，不会标注“中外联合培养”等不同字样。,证书学位,t,63,"{毕业证有区别吗,会标注中外合作吗}","{学位证,毕业证,全日制,标注,联合培养,区别}",2026-06-10 13:42:47.351,2026-06-17 07:29:14.462
faq_extra_1781022709944_7444ce,中外联合培养项目常见问题答疑汇总,"国内阶段收费标准：

工科类专业（计算机科学与技术、通信工程、人工智能）/ 英语专业：学费 5710 元/年 + 项目培养费 38000 元/年 + 住宿费 1500-1600 元/年

经管/法学类专业（会计学、金融学、法学）：学费 5050 元/年 + 项目培养费 38000 元/年 + 住宿费 1500-1600 元/年

金融学（中澳班）额外需一次性缴纳 15000 元项目管理服务费。

在地国际化选项：48000 元/学年（住宿费另计）",收费标准,t,37,"{收费明细,费用构成,学费明细}","{学费,费用}",2026-06-10 00:31:49.945,2026-06-16 07:23:09.589
faq_major_1781023089283_8h1f,计算机专业合作的海外院校是哪两所,五邑大学计算机科学与技术（中外联合培养）专业对接英国朴茨茅斯大学和澳大利亚维多利亚大学。,专业详情,t,29,"{计算机对接什么学校,计算机合作院校,计算机去哪所大学,计算机国外大学}","{计算机,对接,院校,合作,学校,朴茨茅斯,朴次茅斯,维多利亚,计算机科学与技术,合作院校,对接院校,什么学校,哪些学校,哪个学校}",2026-06-10 00:38:09.284,2026-06-16 00:26:32.171
cmq9lwu5x009q1118rquj2xhp,英语专业2026年招多少人,2026年五邑大学英语（中外联合培养）专业计划招生70人。,intent_招生计划,t,24,"{英语专业招多少人,英语招多少人,英文招多少人,英语招生人数,英语招多少,英语专业招生人数}",{},2026-06-11 14:42:30.453,2026-06-12 04:31:33.66
faq_extra_1781022709945_4i00uw,国外阶段学费多少钱?,国外阶段(人民币估算/年):朴次茅斯约 25.7 万、维多利亚约 29.5 万、沃隆港 32-34.9 万、萨塞克斯 29.2-34 万、麦考瑞 34-34.2 万、悉尼科技 38 万、斯旺西 28.7-31 万。,intent_海外收费,t,20,"{国外学费多少,海外费用,出国要多少钱,国外一年多少钱}","{学费,国外}",2026-06-10 00:31:49.945,2026-06-15 15:19:44.452
cmq9mkhcp00di1118g9uvnk12,人工智能专业每年学费培养费住宿费分别是多少,人工智能属于工科专业，国内阶段收费：学费5710元/年 + 项目培养费38000元/年 + 住宿费1500-1600元/年。若后两年选择不出国，项目培养费调整为48000元/年。赴国外学习阶段费用由合作院校根据当年标准收取。,intent_国内收费,t,17,"{人工智能学费多少,AI学费多少,人工智能费用,人工智能收费}",{},2026-06-11 15:00:53.594,2026-06-17 10:13:29.062
faq_official_2026_19,后续不出国需要提供证明吗？剩下两年要混班吗？,可以。除金融学中澳班外，其他中外联合培养项目均可选择不出国，通过在地国际化在国内完成学业。\n\n不同项目的出国要求：\n- 金融学中澳班：属于定向出国培养项目，报考时需有明确的出国意向，不适合明确选择不出国的同学。\n- 其他联培项目（计算机、通信工程、人工智能、英语、会计学、金融学国际班、法学等）：鼓励出国，但允许因个人原因选择在地国际化，留在五邑大学按国际化培养模式完成后续学业。\n\n选择不出国（在地国际化）的影响：\n- 仅授予五邑大学学士学位和本科毕业证\n- 无法获得国外合作院校的学位\n- 出国无额外选拔考试，凡修读完国内阶段课程且英语达到合作院校要求的学生，均可申请出国\n- 选择不出国无需提供证明，留在原班级编制，不重新分配班级\n\n具体以当年官方通知为准。,在地国际化,t,17,"{不出国要证明吗,不出国要混班吗,国内读要什么手续}","{在地国际化,不出国证明,原班级,班级编制}",2026-06-10 13:43:05.959,2026-06-15 15:24:05.594
cmq9awvz8001x1118xffcf7j6,学院有什么专业开设哪些专业,"五邑大学国际教育学院2026年开设以下中外联合培养专业：

工科类：计算机科学与技术、通信工程、人工智能

经管类：会计学、金融学（国际班）、金融学（中澳班）

文科类：英语、法学

2026年计划招生共750人。",intent_专业分类,t,16,"{学院有什么专业,有哪些专业,开设什么专业,招什么专业,学校有什么专业}","{专业,招生,计算机,通信,人工智能,会计,金融,英语,法学,工科,经管,文科}",2026-06-11 09:34:37.029,2026-06-17 07:29:46.272
faq_extra_1781022709945_vb7o1e,中外联合培养项目雅思要求?,"大部分专业总分 6.0,单科 ≥5.5;英语/会计/金融(中澳)要求 6.5,单科 6.0;悉尼科技大学会计专业写作 ≥6.0。",入学要求,t,15,"{雅思要求多少,雅思要几分,雅思成绩要求,雅思分数线}","{雅思,分数}",2026-06-10 00:31:49.946,2026-06-16 04:31:11.746
faq_patch_zhuanzy_02,联合培养项目学生在读期间可以转到普通本科专业吗？,"**结论：不可以转入项目外普通专业。**

中外联合培养项目录取的本科生，在读期间**不得转入项目外其他普通专业**（即不能换到其他普通本科院系）。

**例外情况**：本校其他普通专业学生若符合接收条件，可以申请**转入**中外联合培养项目内的相关专业。

**项目内转专业**：在联培专业之间互换（如计算机↔通信工程），需参加国际教育学院考核选拔，接收人数不超过该专业当年计划招生人数的 15%，具体参见《2025年国际教育学院本科学生转专业工作实施方案》。

> 以上规定以当年学校正式转专业方案及学院通知为准，如有疑问请联系国际教育学院咨询老师。",转专业政策,f,12,"{该项目可以在读期间转入其他专业吗,能不能转普通专业,联培可以转普本吗,中外联培能转出吗,在读期间能换到普通专业吗,联合培养学生能转入普通本科吗,不想继续联培可以换专业吗}","{转专业,转普通专业,转出,普通本科,项目外,不得转,政策}",2026-06-10 23:08:41.017,2026-06-11 03:27:59.708
cmqaeq6fy0034nyxdk18f9mz1,有哪些合作学校学校的层次如何是野鸡大学吗,"五邑大学2026中外联合培养各专业对应海外合作院校如下：

- 计算机科学与技术：英国朴茨茅斯大学、澳大利亚维多利亚大学
- 通信工程：澳大利亚伍伦贡大学
- 人工智能：英国萨塞克斯大学
- 英语：英国朴茨茅斯大学、澳大利亚麦考瑞大学
- 会计学：澳大利亚悉尼科技大学
- 金融学（国际班）：英国斯旺西大学
- 金融学（中澳班）：澳大利亚麦考瑞大学
- 法学：英国萨塞克斯大学

院校层次：
- 悉尼科技大学：QS 96，全球前100
- 麦考瑞大学：QS 138
- 伍伦贡大学：QS 184，澳洲八大工程联盟之一
- 萨塞克斯大学：QS 278，92%研究成果世界领先
- 斯旺西大学：QS 292
- 朴茨茅斯大学：QS五星大学
- 维多利亚大学：泰晤士世界排名前2%

所有合作院校均为正规公立/知名高校，经上级教育部门备案，绝非野鸡大学。",合作院校详情,t,11,{},{},2026-06-12 04:09:08.638,2026-06-13 08:12:59.912
faq_table_1781023978589_rx15,人工智能去萨塞克斯大学雅思要多少?,"人工智能申请萨塞克斯大学雅思要求:总分 6.0,单科≥5.5。",入学要求,t,10,"{人工智能雅思,AI雅思,人工智能萨塞克斯雅思}","{人工智能,萨塞克斯大学,雅思}",2026-06-10 00:52:58.589,2026-06-12 09:19:14.907
faq_official_2026_05,项目收费构成如何金额多少,"国内阶段收费标准：

工科类专业（计算机科学与技术、通信工程、人工智能）/ 英语专业：学费 5710 元/年 + 项目培养费 38000 元/年 + 住宿费 1500-1600 元/年

经管/法学类专业（会计学、金融学、法学）：学费 5050 元/年 + 项目培养费 38000 元/年 + 住宿费 1500-1600 元/年

在地国际化选项：48000 元/学年

若学生后两年选择不出国就读，项目培养费调整为48000元/学年，其余收费标准不变。

赴国外学习阶段费用由合作院校根据当年标准收取。",intent_国内收费,t,10,"{学费多少,收费多少,一年多少钱,费用标准}","{学费,费用,国内阶段,国外阶段,合作院校,注册费,住宿费}",2026-06-10 13:42:49.335,2026-06-16 06:41:33.767
faq_major_1781023089287_nlkl,会计学专业中外联合培养项目对接哪所国外大学,五邑大学会计学（中外联合培养）专业对接澳大利亚悉尼科技大学。,intent_合作院校,t,10,"{会计学对接什么学校,会计合作院校,会计去哪所大学,会计国外大学}","{会计学,合作院校,专业,中外联合培养}",2026-06-10 00:38:09.287,2026-06-13 08:10:48.587
faq_major_1781023089287_dv7p,金融学专业中外联合培养项目对接哪所国外大学,五邑大学金融学专业有两所合作院校：普通中外联合培养方向对接英国斯旺西大学，中澳班对接澳大利亚麦考瑞大学。,intent_合作院校,t,9,"{金融学对接什么学校,金融合作院校,金融去哪所大学,金融国外大学}","{金融学(国际班),合作院校,专业,中外联合培养}",2026-06-10 00:38:09.287,2026-06-16 06:39:36.229
faq_major_1781023089286_qn2y,人工智能专业中外联合培养项目对接哪所国外大学,五邑大学人工智能（中外联合培养）专业对接英国萨塞克斯大学。,intent_合作院校,t,7,"{人工智能对接什么学校,AI合作院校,人工智能去哪所大学,人工智能国外大学}","{人工智能,合作院校,专业,中外联合培养}",2026-06-10 00:38:09.287,2026-06-12 04:32:59.041
faq_qa_001,这个项目是上了本科线才能读吗,是的，中外联合培养项目是计划内统招，需要填报高考志愿，往年分数可以看招生简章。,招生条件,t,7,"{本科线,分数线,录取线,高考分数,多少分能上,统招,计划内,要考多少分,分数够吗,能考上吗,需要什么分数}","{本科线,分数线,录取,高考,分数,统招}",2026-06-12 21:32:25.122,2026-06-15 06:08:24.113
faq_table_1781023978597_3lt0,物理类计算机科学与技术2025 年录取分数?,2025年物理科目计算机科学与技术录取140人，最高分550，最低分500，平均分509，平均排位149384，最低排位165257,录取数据,f,7,"{计算机录取分数,计算机分数线,计科录取分}","{物理,计算机科学与技术,录取,分数}",2026-06-10 00:52:58.597,2026-06-15 15:55:03.425
faq_003,学费是多少?,"国际本科项目学费约为 5-7 万元/年,具体按专业和合作院校略有不同。",intent_国内收费,f,7,{},{},2026-06-02 15:31:29.774,2026-06-09 16:29:29.574
faq_qa_006,假设我第一志源填的是会计，但我只有500分，服从了专业调剂，被调档。按学校录取原则尽量满足第一志愿，是不是可以读会计专业？,提档到该专业组后，学校会优先考虑您填报的第一志愿专业进行录取。具体以当年官方通知为准。,录取数据,t,6,"{服从调剂,第一志愿,调剂,志愿,会计录取,500分,调档,分数不够,能读第一志愿吗,调剂到别的专业吗,服从调剂能读会计吗}","{服从,调剂,第一志愿,录取,会计,调档}",2026-06-12 21:32:25.122,2026-06-17 02:09:34.975
faq_official_2026_21,国际教育学院学生宿舍条件如何管理严格吗有没有特殊的校园活动海外交流活动,国际教育学院宿舍为校内条件较好的标准宿舍，日常学风管理严格，宿舍管理标准与学校其他学院保持一致；学院会针对联培学生开展专属的国际化校园活动、海外名校线上交流、国际学术讲座等特色活动，学生也可与学院留学生共同参与各类学习交流活动。,校园生活,t,6,"{宿舍条件,校园活动,海外交流}","{宿舍,住宿,学风,管理,校园活动,海外交流,国际活动}",2026-06-10 13:43:08.131,2026-06-15 15:40:59.838
faq_enroll_cs,计算机专业录取分数,"计算机科学与技术（中外联合培养）历年录取情况：

2024年：录取50人，最高分528，最低分504，平均分513，平均排位126330，最低排位141243
2025年：录取140人，最高分550，最低分500，平均分509，平均排位149384，最低排位165257",录取数据,t,6,"{计算机录取分数,计算机分数线,计科录取,CS录取,计算机多少分,计算机分数,计算机排位}","{计算机,录取,分数,分数线,排位,2024,2025}",2026-06-15 17:34:33.425,2026-06-15 16:01:16.727
faq_official_2026_28,如果选择在地国际化，这种培养方式有保研名额吗？或者孩子可以参加国内的考研吗？,所有专业都有保研资格，参加国内考研也没问题的。,深造升学,t,6,"{能保研吗,能考研吗,保研名额}","{保研,推免,考研,研究生,国内考研}",2026-06-10 13:43:15.379,2026-06-13 03:08:30.734
cmqaf7boo00316fd2bf81ahvu,金融学中澳班除常规学费培养费外还有什么一次性费用金额多少,金融学（中澳班）专业学生需在第一学年入学报到注册时向澳信教育集团（麦考瑞大学授权的第三方机构）一次性缴纳15000元项目管理服务费（不予退还），享受专项班精细化管理服务，含84小时雅思假期集训、奖学金支持、留学申请与签证辅导、资料翻译、学术交流活动等。,收费标准,t,6,{},{},2026-06-12 04:22:28.585,2026-06-16 06:43:15.428
faq_official_2026_07,项目是否提供语言培训、签证办理等配套服务，是否收费？若语言未达到入学要求，有何补救措施？,学校为项目学生免费提供雅思备考辅导及出国语言强化课程；面签指导等一站式服务。语言未达标者，可申请延期出国，在国内继续强化语言，延期期限不超过1年，也可申请国外合作院校的配套语言班课程，具体要求以合作院校官方规定为准,intent_国内收费,t,6,"{语言培训,签证办理,雅思培训}","{语言培训,签证,雅思备考,配套服务,延期出国,语言班}",2026-06-10 13:42:52.377,2026-06-16 04:34:32.357
faq_major_1781023089286_qq3u,通信工程专业中外联合培养项目对接哪所国外大学,五邑大学通信工程（中外联合培养）专业对接澳大利亚沃隆港大学。,intent_合作院校,t,6,"{通信工程对接什么学校,通信合作院校,通信去哪所大学,通信国外大学}","{通信工程,合作院校,专业,中外联合培养}",2026-06-10 00:38:09.286,2026-06-11 14:54:54.205
faq_official_2026_29,请问2+2+1（计算机科学方向工学硕士）是不是必须前两年在国内，后三年在国外？,2+2+1是中外双学士学位本科+1年外方硕士学位项目,培养方案,t,6,"{2+2+1是什么,本硕连读}","{2+2+1,双学士,硕士学位,计算机,本科加硕士}",2026-06-10 13:43:16.637,2026-06-16 06:40:41.349
faq_extra_1781022709946_mt6d7k,中外联合培养项目有什么奖学金?,可申请的奖学金:朴次茅斯校长国际奖学金 2500-5000 英镑;维多利亚学费减免 10-30%;沃隆港学费减免 20-30%;萨塞克斯校长国际奖学金 5000 英镑;麦考瑞优秀学生奖学金 5000-10000 澳元/年;斯旺西本硕奖学金 1000-5000 英镑;悉尼科技学费减免约 20%。,奖学金,t,5,"{有什么奖学金,奖学金多少,能减免多少}","{奖学金,减免}",2026-06-10 00:31:49.946,2026-06-10 04:56:42.178
cmq9mkhq800do1118xbxc14y8,英语法学专业和计算机专业的收费有哪些区别,英语、法学属于经管文法类，计算机属于工科；两类专业项目培养费、住宿费标准一致，仅学费不同。工科（计算机）学费5710元/年，经管文法类（英语、法学）学费5050元/年。若后两年选择不出国，所有专业项目培养费统一调整为48000元/年。赴国外学习阶段费用由合作院校根据当年标准收取。,intent_国内收费,t,5,"{英语法学和计算机收费区别,工科经管收费区别,不同专业收费对比}",{},2026-06-11 15:00:54.081,2026-06-15 15:58:05.201
faq_table_1781023978596_77mr,英语专业能转什么?,可转入:计算机科学与技术、通信工程、人工智能、会计学、金融学、法学。限制:仅物理(再选化学)考生可转入工科专业。,转专业,f,5,"{英语转什么,英语转出,英语转工科}","{英语,转专业}",2026-06-10 00:52:58.596,2026-06-11 03:57:26.346
cmq9mkikj00dy1118rpvnnc1t,报考计算机人工智能专业除学费外还有哪些固定收费,除学费外，正常就读需缴纳项目培养费38000元/年、住宿费1500-1600元/年；若后两年选择不出国，项目培养费调整为48000元/年。赴国外学习阶段费用由合作院校根据当年标准收取。,intent_国内收费,t,5,"{计算机人工智能学费,工科收费,计算机除学费还有什么费}",{},2026-06-11 15:00:55.172,2026-06-15 15:58:05.357
cmqgtsp340074f7vnh1us0pt0,毕业证和学位证，跟普通本科毕业证一样吗？会不会标注中外等字眼呢？,跟普通的一样，不会有标注。,,t,5,"{毕业证和普通本科一样吗,毕业证会标注中外吗,学位证有中外字眼吗,中外合作毕业证区别}","{毕业证,学位证,普通本科,标注,中外}",2026-06-16 15:57:37.409,2026-06-17 08:05:22.361
faq_enroll_comm,通信工程专业录取分数,"通信工程（中外联合培养）历年录取情况：

2024年：录取50人，最高分520，最低分499，平均分504，平均排位141739，最低排位150135
2025年：录取140人，最高分549，最低分495，平均分501，平均排位163758，最低排位173849",录取数据,t,5,"{通信工程录取分数,通信工程分数线,通信录取,通信多少分,通信分数,通信排位}","{通信工程,录取,分数,分数线,排位,2024,2025}",2026-06-15 17:34:33.425,2026-06-15 15:56:38.002
faq_major_1781023089287_t08s,金融学中澳班对接什么学校,该专业对接澳大利亚麦考瑞大学。,专业详情,f,4,"{金融学(中澳班)合作院校,金融学(中澳班)合作大学,金融学(中澳班)去哪个学校,金融学(中澳班)有哪些国外大学,金融学(中澳班)合作}","{金融学(中澳班),合作院校,专业,中外联合培养}",2026-06-10 00:38:09.288,2026-06-11 07:42:16.982
faq_major_1781023089288_ay9a,法学专业中外联合培养项目对接哪所国外大学,五邑大学法学（中外联合培养）专业对接英国萨塞克斯大学。,intent_合作院校,t,4,"{法学对接什么学校,法学合作院校,法学去哪所大学,法学国外大学}","{法学,合作院校,专业,中外联合培养}",2026-06-10 00:38:09.288,2026-06-15 15:21:00.522
cmq9lwuaq009s1118wugiczbg,计算机科学与技术专业2026年招多少人,2026年五邑大学计算机科学与技术（中外联合培养）专业计划招生90人。,intent_招生计划,t,4,"{计算机招多少人,计科招多少人,CS招多少人,计算机招生人数,计算机招多少}",{},2026-06-11 14:42:30.627,2026-06-15 15:33:29.358
cmqaw6wzx005574dxh3kocy07,计算机专业怎么样,计算机科学与技术是国家级一流本科专业建设点，拥有推荐免试研究生资格。该专业采用中外联合培养模式，对接英国朴茨茅斯大学和澳大利亚维多利亚大学，培养方向涵盖计算机科学、数据科学、软件工程等。学生可获得国内外双学位，就业前景广阔。,专业详情,t,4,{},{},2026-06-12 12:18:03.021,2026-06-17 05:52:44.265
faq_major_1781023089286_fl72,英语专业中外联合培养项目对接哪所国外大学,五邑大学英语（中外联合培养）专业对接英国朴次茅斯大学和澳大利亚麦考瑞大学。,intent_合作院校,t,4,"{英语对接什么学校,英语合作院校,英语去哪所大学,英语国外大学}","{英语,合作院校,专业,中外联合培养}",2026-06-10 00:38:09.287,2026-06-12 04:15:39.885
faq_official_2026_24,请问这些中外联培项目有在教育部备案吗？,中外联合培养项目所有专业均已在上级教育主管部门完成备案,项目资质,t,4,"{教育部备案,项目正规吗,国家承认吗}","{教育部备案,教育主管部门,合法合规,正规}",2026-06-10 13:43:10.376,2026-06-10 15:34:13.284
cmqg9q9l7000lf7vnbuucapud,金融学中澳班可以转国际班吗,本专业的物理（再选化学）考生可申请转入中外联合培养项目的计算机科学与技术、通信工程、人工智能、英语、金融学、法学专业；其他类别考生只可申请转入中外联合培养项目的英语、金融学、法学专业。国际教育学院将根据学生考核情况选拔录取学生，原则上，转入专业接收人数的上限控制在该专业当年计划招生人数的15%以内，具体要求参见《2025年国际教育学院本科学生转专业工作实施方案》。,,t,4,"{调剂到中澳班能转国际班吗,中澳班转国际班,被调剂到金融学中澳班可以转回国际班吗,金融中澳班转金融国际班}","{转专业,调剂,中澳班,国际班,金融学,转入}",2026-06-16 06:35:51.692,2026-06-16 06:42:30.565
cmqaw7mde005b74dxoggkii9u,英语专业怎么样,英语专业开设于1985年，采用语言技能+专业知识+跨文化交际课程体系，近三年就业率均达98%以上，深造率达35%，拥有推荐免试研究生资格。对接英国朴次茅斯大学和澳大利亚麦考瑞大学。,专业详情,t,4,{},{},2026-06-12 12:18:35.907,2026-06-15 15:22:47.8
cmq9mkhhj00dk1118zupnft6f,会计学金融学属于哪一类专业收费标准是多少,会计学、金融学属于经管文法类专业，国内阶段收费：学费5050元/年 + 项目培养费38000元/年 + 住宿费1500-1600元/年。金融学（中澳班）额外需一次性缴纳15000元项目管理服务费。若后两年选择不出国，项目培养费调整为48000元/年。赴国外学习阶段费用由合作院校根据当年标准收取。,intent_国内收费,t,4,"{会计金融学费多少,会计金融收费,经管类学费,会计金融属于什么类}",{},2026-06-11 15:00:53.768,2026-06-15 15:58:05.037
faq_enroll_summary,历年录取分数线是多少,2024年录取情况：计算机科学与技术录取50人，平均分513；通信工程录取50人，平均分504。2025年录取情况：计算机科学与技术录取140人，平均分509；通信工程录取140人，平均分501；会计学物理类录取30人，平均分503；英语物理类录取36人，平均分490；会计学历史类录取70人，平均分512；英语历史类录取84人，平均分505。2026年新增人工智能、金融学、法学专业招生。,录取数据,t,4,"{录取分数线,历年录取,录取分数,多少分能上,分数要求,录取情况,最低分,平均分}","{录取,分数线,分数,历年,2024,2025,2026}",2026-06-15 13:40:47.271,2026-06-16 03:28:04.466
faq_qa_004,这些项目全要英语？小语种的可以报吗,是的。本校公共外语教学为英语，非英语语种考生需慎重报考，小语种的不建议报读。,招生条件,t,4,"{小语种,日语,法语,非英语,语言要求,小语种能报吗,学日语能报吗,不是英语能报吗,外语不是英语}","{小语种,语种,英语,报考,语言}",2026-06-12 21:32:25.122,2026-06-15 12:17:13.437
faq_official_2026_32,外方的硕士学位证，有中留服认证吗？回国承认这个学位吗,中外联合培养项目各专业的国外学位均符合中留服认证要求,学位认证,t,4,"{留服认证,学历认证,回国承认吗}","{硕士学位,中留服认证,国外学位,承认,联合培养}",2026-06-10 13:43:19.289,2026-06-10 14:17:34.554
faq_table_1781023978585_y6oe,沃隆港大学(UOW)的 QS 排名和认证情况?,"沃隆港大学(UOW)位于澳大利亚,QS 排名 184。核心优势:工程与信息科学学院是澳洲八大工程联盟之一。认证情况:工程专业获 EA 认证,计算机专业获 ACS 认证。",合作院校详情,f,3,"{沃隆港大学(UOW)介绍,沃隆港大学(UOW)排名,沃隆港大学(UOW)认证,沃隆港大学(UOW)优势}","{沃隆港大学(UOW),澳大利亚,合作院校}",2026-06-10 00:52:58.586,2026-06-11 03:56:13.617
faq_extra_1781022709946_mx4vp4,悉尼科技大学(UTS)怎么样?有什么优势?,"悉尼科技大学(UTS)(澳大利亚),QS QS 96。核心优势:全球第 11 位顶尖新兴大学,会计学获 ACCA、CPA Australia 认证。",合作院校,t,3,"{悉尼科技大学(UTS)介绍,悉尼科技大学(UTS)排名,悉尼科技大学(UTS)优势,悉尼科技大学(UTS)好不好}","{悉尼科技大学(UTS),澳大利亚,合作院校}",2026-06-10 00:31:49.947,2026-06-12 04:13:32.012
cmqhppje400b2f7vnb04ti1y7,物理类的英语只招14人如果报的人多会临时增加额度吗,在招生录取时，各学校将根据报考生源情况和实际办学条件等，有可能进行专业间或科类间的计划调整，将报考生源不足的剩余计划调整到生源较好的专业上，并将有关调整方案上报上级部门审批同意后，按调整的计划录取。,,t,3,"{报的人多会扩招吗,招生名额会增加吗,招14人报多了会加吗,会临时增加名额吗,名额不够会扩吗}","{扩招,名额,增加,计划调整,生源}",2026-06-17 06:50:57.773,2026-06-17 06:54:31.21
faq_official_2026_11,大学四年学习多久雅思课程？学校有统一组织官方雅思考试吗？攻读完学校安排的雅思课程，后续可以继续在学校报名雅思课程的学习吗？学习内容是否不同？,大一学习两学期的雅思课程，如后续有需要大二可以跟低年级一起学习雅思课程，雅思考试由学生自行报名，需前往设有雅思考点的城市参加考试。后续跟低年级学习的雅思课程，核心教学内容与大一安排的课程保持一致，可根据学生的薄弱项进行针对性强化。,雅思语言,t,3,"{雅思课程多久,雅思考试}","{雅思课程,大一,两学期,雅思考试,强化,薄弱项}",2026-06-10 13:42:56.517,2026-06-16 04:35:53.562
faq_001,五邑大学在哪里?,"五邑大学位于广东省江门市蓬江区东成村22号,邮编529020。",,t,3,"{学校在哪,学校地址,学校位置,怎么去学校,学校在哪里}",{},2026-06-02 15:31:29.774,2026-06-15 15:21:17.641
cmqaw7mhx005d74dx8sub0k6f,会计学专业怎么样,会计学是广东省一流专业建设点，拥有推荐免试研究生资格。对接澳大利亚悉尼科技大学（QS 96，全球前100），培养方向为会计学及商业学士学位。,专业详情,t,3,{},{},2026-06-12 12:18:36.069,2026-06-15 16:01:25.3
faq_table_1781023978595_eap2,在地国际化选项学费多少?,学费 + 项目培养费 48000 元/学年 + 住宿费。,intent_国内收费,f,3,"{在地国际化,不出国学费,国内完成学费}","{在地国际化,学费}",2026-06-10 00:52:58.596,2026-06-11 14:54:41.405
faq_extra_1781022709949_or9ic5,朴次茅斯大学怎么样?有什么优势?,"朴次茅斯大学(英国),QS QS 五星。核心优势:计算机全英现代大学科研第五,获 BCS 认证。",合作院校,t,3,"{朴次茅斯大学介绍,朴次茅斯大学排名,朴次茅斯大学优势,朴次茅斯大学好不好}","{朴次茅斯大学,英国,合作院校}",2026-06-10 00:31:49.949,2026-06-12 04:14:06.038
faq_qa_012,是不是不考虑出国，报中外合作的专业也是可以的，国内最后一学期申请不出国是可以同意继续留在五邑大学学习2年不强制出国的，学历证书和普通的五邑大学毕业生的证书是一样的吗,可以。除金融学中澳班外，其他中外联合培养项目均可选择不出国，通过在地国际化在国内完成学业。\n\n不同项目的出国要求：\n- 金融学中澳班：属于定向出国培养项目，报考时需有明确的出国意向，不适合明确选择不出国的同学。\n- 其他联培项目（计算机、通信工程、人工智能、英语、会计学、金融学国际班、法学等）：鼓励出国，但允许因个人原因选择在地国际化，留在五邑大学按国际化培养模式完成后续学业。\n\n选择不出国（在地国际化）的影响：\n- 仅授予五邑大学学士学位和本科毕业证\n- 无法获得国外合作院校的学位\n- 出国无额外选拔考试，凡修读完国内阶段课程且英语达到合作院校要求的学生，均可申请出国\n- 选择不出国无需提供证明，留在原班级编制，不重新分配班级\n\n具体以当年官方通知为准。,学位认证,t,3,"{不出国可以报吗,不强制出国,证书一样,学历证书,中外合作,中外联合培养,不出国能报吗,证书有区别吗,毕业证有标注吗,不出国证书}","{不出国,证书,一样,学历,中外合作,联合培养,不强制}",2026-06-12 21:32:25.122,2026-06-17 03:39:46.045
faq_official_2026_23,是不是可以理解为除了中澳班必须出国，其他的项目都可以选择不出国？,可以。除金融学中澳班外，其他中外联合培养项目均可选择不出国，通过在地国际化在国内完成学业。\n\n不同项目的出国要求：\n- 金融学中澳班：属于定向出国培养项目，报考时需有明确的出国意向，不适合明确选择不出国的同学。\n- 其他联培项目（计算机、通信工程、人工智能、英语、会计学、金融学国际班、法学等）：鼓励出国，但允许因个人原因选择在地国际化，留在五邑大学按国际化培养模式完成后续学业。\n\n选择不出国（在地国际化）的影响：\n- 仅授予五邑大学学士学位和本科毕业证\n- 无法获得国外合作院校的学位\n- 出国无额外选拔考试，凡修读完国内阶段课程且英语达到合作院校要求的学生，均可申请出国\n- 选择不出国无需提供证明，留在原班级编制，不重新分配班级\n\n具体以当年官方通知为准。,中澳班政策,f,3,"{中澳班必须出国吗,非中澳班可以不出国吗,除了中澳班都能不出国}","{中澳班,定向出国,出国意向,其他项目,在地国际化}",2026-06-10 13:43:09.613,2026-06-11 06:53:11.899
faq_qa_011,上课是全英文授课吗？,部分课程是双语授课。,教学方式,t,3,"{全英文,英文授课,双语,授课语言,全英,中英双语,英语教学吗,上课用什么语言,中文还是英文}","{全英文,英文,双语,授课,教学}",2026-06-12 21:32:25.122,2026-06-16 07:21:39.218
faq_official_2026_01,毕业证书是本校颁发、国外院校颁发还是五邑大学和国外合作院校均颁发?,完成五邑大学和国外院校所规定的所有课程学习并达到毕业与学位授予条件者，授予五邑大学学士学位、本科毕业文凭和国外合作大学学士学位或硕士学位。因故不出国留学的学生，可申请留在五邑大学按项目培养模式完成学业，授予五邑大学学士学位和本科毕业文凭。,intent_合作院校,t,2,"{毕业证谁发,学位证谁发,双证}","{毕业证,学位证,双学位,国外院校,五邑大学,颁发}",2026-06-10 13:42:38.778,2026-06-15 05:59:56.759
cmq9lwtfk009i1118h4e34c9o,通信工程专业2026年招多少人,2026年五邑大学通信工程（中外联合培养）专业计划招生120人。,intent_招生计划,t,2,"{通信工程招多少人,通信招多少人,通信工程招生人数,通信工程招多少}",{},2026-06-11 14:42:29.504,2026-06-17 02:09:10.959
faq_qa_013,老师请问不出国需要申请，不可抗力是指哪些呢？如果没有特殊的，就单纯不想出国，可以留国内读完吗,可以。除金融学中澳班外，其他中外联合培养项目均可选择不出国，通过在地国际化在国内完成学业。\n\n不同项目的出国要求：\n- 金融学中澳班：属于定向出国培养项目，报考时需有明确的出国意向，不适合明确选择不出国的同学。\n- 其他联培项目（计算机、通信工程、人工智能、英语、会计学、金融学国际班、法学等）：鼓励出国，但允许因个人原因选择在地国际化，留在五邑大学按国际化培养模式完成后续学业。\n\n选择不出国（在地国际化）的影响：\n- 仅授予五邑大学学士学位和本科毕业证\n- 无法获得国外合作院校的学位\n- 出国无额外选拔考试，凡修读完国内阶段课程且英语达到合作院校要求的学生，均可申请出国\n- 选择不出国无需提供证明，留在原班级编制，不重新分配班级\n\n具体以当年官方通知为准。,培养方案,t,2,"{不想出国,可以不出国吗,必须出国吗,留国内,不可抗力,单纯不想出国,中澳班必须出国,不出国行吗,能不出国吗,一定要出国吗}","{不想出国,留国内,必须出国,不出国,不可抗力,中澳班}",2026-06-12 21:32:25.122,2026-06-16 06:41:14.806
faq_table_1781023978598_aae5,历史类英语2025 年录取分数?,"2025 年历史科目英语录取 70 人,平均分 505,平均排位 48882。",录取数据,f,2,{英语历史类录取分数},"{历史,英语,录取,分数}",2026-06-10 00:52:58.599,2026-06-15 03:42:53.964
faq_qa_002,后两年不出国这个中外的计算机科学与技术专业不出国的课程有没有区别？毕业证是不是只有国内的？,出国的同学修读外方学校课程，不出国的修读五邑大学课程，课程不一样。不出国的只有五邑大学的学位证和毕业证。,培养方案,t,2,"{不出国课程,毕业证,学位证,课程区别,计算机不出国,课程一样吗,不出国有什么证,毕业证一样吗,不出国发什么证,课程跟出国一样吗}","{不出国,课程,毕业证,学位证,计算机,区别}",2026-06-12 21:32:25.122,2026-06-15 15:39:50.775
faq_table_1781023978587_y1d6,计算机科学与技术去朴次茅斯大学(本科)雅思要多少?,"计算机科学与技术申请朴次茅斯大学(本科)雅思要求:总分 6.0,单科≥5.5。",入学要求,t,2,"{计算机雅思要多少,计算机雅思要求,计科雅思}","{计算机科学与技术,朴次茅斯大学(本科),雅思}",2026-06-10 00:52:58.588,2026-06-11 09:27:47.075
faq_official_2026_04,是否一定要出国?出国是否存在选拔?不出国能否有双学位?不出国的毕业证、学位证上的内容是否有区别?,可以。除金融学中澳班外，其他中外联合培养项目均可选择不出国，通过在地国际化在国内完成学业。\n\n不同项目的出国要求：\n- 金融学中澳班：属于定向出国培养项目，报考时需有明确的出国意向，不适合明确选择不出国的同学。\n- 其他联培项目（计算机、通信工程、人工智能、英语、会计学、金融学国际班、法学等）：鼓励出国，但允许因个人原因选择在地国际化，留在五邑大学按国际化培养模式完成后续学业。\n\n选择不出国（在地国际化）的影响：\n- 仅授予五邑大学学士学位和本科毕业证\n- 无法获得国外合作院校的学位\n- 出国无额外选拔考试，凡修读完国内阶段课程且英语达到合作院校要求的学生，均可申请出国\n- 选择不出国无需提供证明，留在原班级编制，不重新分配班级\n\n具体以当年官方通知为准。,出国政策,f,2,"{一定要出国吗,可以不出国吗,不出国怎么办,在地国际化是什么,不想出国能读吗,出国有选拔吗,不出国有双学位吗,不出国的证书,中外联合培养项目能否不出国,联培可以不出国吗,必须出国吗,可以不出国完成学业吗,不出国可以吗,不出国会怎样}","{出国,不出国,在地国际化,选拔考试,双学位,鼓励出国,国外合作院校}",2026-06-10 13:42:48.721,2026-06-11 08:37:03.889
faq_official_2026_06,国外合作院校的课程与五邑大学的课程如何衔接？学分转换的具体规则是什么？,中外双方已完成课程对接，国内阶段修读的公共基础课、专业基础课学分可全部转换为国外院校对应学分；专业核心课需经国外院校审核课程大纲后，确定学分转换比例，转换规则在入学时由项目办公示。,intent_合作院校,t,2,"{学分转换,课程衔接,学分互认}","{学分转换,课程对接,专业基础课,专业核心课,课程大纲}",2026-06-10 13:42:50.738,2026-06-16 04:36:34.052
faq_table_1781023978598_nkp0,历史类会计学2025 年录取分数?,"2025 年历史科目会计学录取 84 人,平均分 512,平均排位 54378。",录取数据,f,2,{会计学历史类录取分数},"{历史,会计学,录取,分数}",2026-06-10 00:52:58.598,2026-06-15 05:43:14.515
cmqgtspt60078f7vnkqc1xnyj,请问在校期间可以修读第二专业吗？,可以修读，能安排过来时间可以辅修。,,t,2,"{可以辅修第二专业吗,能修双学位吗,可以读第二专业吗,辅修专业可以吗}","{第二专业,辅修,双学位,修读}",2026-06-16 15:57:38.346,2026-06-17 06:38:53.222
cmqaw7m63005974dxnw9rzec9,人工智能专业怎么样,人工智能是2026年新增专业，依托计算机科学与技术国家级一流本科专业建设点开设，拥有推荐免试研究生资格。对接英国萨塞克斯大学（QS 278），培养方向为计算机科学与人工智能。,专业详情,t,2,{},{},2026-06-12 12:18:35.643,2026-06-12 12:20:47.279
cmqaw7mmd005f74dxvgvrdxyv,金融学专业怎么样,金融学办学资源丰富，深度对接港澳及地方十多家金融企事业单位，拥有推荐免试研究生资格。国际班对接英国斯旺西大学（QS 292），中澳班对接澳大利亚麦考瑞大学（QS 138）。,专业详情,t,2,{},{},2026-06-12 12:18:36.229,2026-06-12 12:23:02.106
faq_official_2026_12,如果在应该出国的阶段还没有达到相应的条件，但是本人执意出国，有没有什么解决方案？,视情况而定：如果雅思成绩没有达到要求，可申请国外合作院校的配套语言班课程，在原定时间出国完成语言学习后再进入专业课程；学分未修满的，可在五邑大学修满学分后再申请出国。也可申请延期出国，在国内继续强化语言，延期期限不超过 1 年,出国条件,t,2,"{雅思没过怎么办,语言不达标}","{未达条件,雅思不达标,语言班,延期出国,学分未修满}",2026-06-10 13:42:58.081,2026-06-13 09:47:01.351
faq_table_1781023978595_oj8n,经管和法学专业学费多少钱?,国内阶段每年:学费 5050 元 + 项目培养费 38000 元 + 住宿费 1500-1600 元。,intent_国内收费,f,2,"{经管学费,法科学费,经管一年多少钱}","{学费,经管,法学}",2026-06-10 00:52:58.595,2026-06-11 14:55:12.92
faq_qa_005,今年市内录线会高于去年吗？,中外联培项目都是面向全省招生的，没有分市内外。,录取数据,t,2,"{市内,市外,全省,分地区,市内分数线,江门分数线,分不分市内外,本市外市,按地区招吗}","{市内,市外,全省,招生,分数线}",2026-06-12 21:32:25.122,2026-06-14 01:20:28.582
cmq9lwtwe009m1118r229hil6,人工智能专业2026年招多少人,2026年五邑大学人工智能（中外联合培养）专业计划招生140人。,intent_招生计划,t,2,"{人工智能招多少人,AI招多少人,人工智能招生人数,智能招多少}",{},2026-06-11 14:42:30.11,2026-06-12 04:12:44.693
faq_table_1781023978588_3fs2,通信工程去沃隆港大学雅思要多少?,"通信工程申请沃隆港大学雅思要求:总分 6.0,单科≥6.0。",入学要求,t,2,"{通信工程雅思要多少,通信雅思要求,通信雅思}","{通信工程,沃隆港大学,雅思}",2026-06-10 00:52:58.589,2026-06-16 02:20:04.146
cmqaw7mqk005h74dxf8eqrrvu,法学专业怎么样,法学是广东省一流本科专业建设点、广东省特色专业，采用基础法+涉外法+侨务管理三位一体课程体系，拥有推荐免试研究生资格。对接英国萨塞克斯大学（QS 278）。,专业详情,t,2,{},{},2026-06-12 12:18:36.38,2026-06-12 12:21:27.511
cmq9mkhuk00dq1118zf2ej65q,本项目在地国际化选项收费是多少,在地国际化选项费用为48000元/学年，住宿费按照对应专业标准另行缴纳。,intent_国内收费,t,2,"{在地国际化多少钱,不出国多少钱,在地国际化收费,国内读完多少钱}",{},2026-06-11 15:00:54.237,2026-06-12 04:20:47.016
cmq9lwuic009u1118jkfda1t4,会计学专业2026年招多少人,2026年五邑大学会计学（中外联合培养）专业计划招生120人。,intent_招生计划,t,2,"{会计学招多少人,会计招多少人,会计学招生人数,会计招多少}",{},2026-06-11 14:42:30.901,2026-06-11 15:50:34.782
faq_table_1781023978597_869d,物理类通信工程2025 年录取分数?,2025年物理科目通信工程录取140人，最高分549，最低分495，平均分501，平均排位163758，最低排位173849,录取数据,f,1,"{通信工程录取分数,通信分数线}","{物理,通信工程,录取,分数}",2026-06-10 00:52:58.598,2026-06-15 15:56:38.515
faq_table_1781023978586_yhv1,维多利亚大学的 QS 排名和认证情况?,"维多利亚大学位于澳大利亚,QS 排名 泰晤士前 2%。核心优势:连续两年澳大利亚就业技能排名第一。认证情况:计算机专业获 ACS 认证。",合作院校详情,f,1,"{维多利亚大学介绍,维多利亚大学排名,维多利亚大学认证,维多利亚大学优势}","{维多利亚大学,澳大利亚,合作院校}",2026-06-10 00:52:58.587,2026-06-11 03:56:13.78
faq_official_2026_33,国外生活费包含住宿费吗？,包含,intent_国内收费,t,1,{生活费包含住宿吗},"{生活费,住宿费,国外费用,包含}",2026-06-10 13:43:19.91,2026-06-12 06:40:20.904
faq_enroll_2024_cs,2024年计算机科学与技术中外联合培养录取分数,2024年五邑大学计算机科学与技术（中外联合培养）录取情况：选考科目物理+化学，全省招生，录取50人，最高分528，最低分504，平均分513，平均排位126330，最低排位141243,录取数据,f,1,"{2024计算机录取,2024计算机分数,2024计算机分数线,2024计科录取}","{2024,计算机,录取,分数,分数线,排位}",2026-06-15 13:40:47.271,2026-06-15 15:55:03.264
faq_table_1781023978588_zcod,计算机科学与技术去维多利亚大学雅思要多少?,"计算机科学与技术申请维多利亚大学雅思要求:总分 6.0,单科≥6.0。",入学要求,t,1,"{计算机去维多利亚雅思,计算机澳洲雅思}","{计算机科学与技术,维多利亚大学,雅思}",2026-06-10 00:52:58.589,2026-06-11 09:27:58.221
faq_table_1781023978589_ardb,英语去朴次茅斯大学(本科)雅思要多少?,"英语申请朴次茅斯大学(本科)雅思要求:总分 6.0,单科≥5.5。",入学要求,t,1,"{英语本科雅思,英语朴次茅斯雅思}","{英语,朴次茅斯大学(本科),雅思}",2026-06-10 00:52:58.59,2026-06-12 04:05:51.453
faq_table_1781023978585_pjxp,萨塞克斯大学的 QS 排名和认证情况?,"萨塞克斯大学位于英国,QS 排名 278。核心优势:92% 研究成果被评为世界领先或国际优秀。认证情况:计算机专业获 BCS 认证,法学符合 BSB、SRA 要求。",合作院校详情,f,1,"{萨塞克斯大学介绍,萨塞克斯大学排名,萨塞克斯大学认证,萨塞克斯大学优势}","{萨塞克斯大学,英国,合作院校}",2026-06-10 00:52:58.586,2026-06-11 03:56:14.11
faq_extra_1781022709947_7bebsz,沃隆港大学(UOW)怎么样?有什么优势?,"沃隆港大学(UOW)(澳大利亚),QS QS 184。核心优势:澳洲八大工程联盟之一,工程获 EA 认证。",合作院校,t,1,"{沃隆港大学(UOW)介绍,沃隆港大学(UOW)排名,沃隆港大学(UOW)优势,沃隆港大学(UOW)好不好}","{沃隆港大学(UOW),澳大利亚,合作院校}",2026-06-10 00:31:49.947,2026-06-11 03:56:13.137
faq_table_1781023978590_pubg,会计学去悉尼科技大学雅思要多少?,"会计学申请悉尼科技大学雅思要求:总分 6.5,写作≥6.0。",入学要求,t,1,"{会计学雅思,会计悉尼科技雅思}","{会计学,悉尼科技大学,雅思}",2026-06-10 00:52:58.591,2026-06-12 04:11:25.608
faq_table_1781023978595_dg3s,工科和英语专业学费多少钱?,国内阶段每年:学费 5710 元 + 项目培养费 38000 元 + 住宿费 1500-1600 元。金融学(中澳班)需一次性缴纳 15000 元项目管理服务费。,intent_国内收费,f,1,"{工科学费,英语专业学费,工科一年多少钱,英语专业收费,工科专业学费,工科学费多少,工科类学费}","{学费,工科,英语}",2026-06-10 00:52:58.595,2026-06-11 14:54:27.739
faq_table_1781023978595_qsot,工科类(计算机/通信/人工智能)能转什么专业?,可转入:通信工程、人工智能、英语、会计学、金融学、法学。限制:转入人数上限为该专业当年招生计划的 15%。,转专业,f,1,"{工科转什么,计算机能转什么,工科转出}","{工科,转专业}",2026-06-10 00:52:58.596,2026-06-11 01:29:41.448
faq_patch_zhaosc_02,报考联合培养项目有什么条件？招生对象是哪些考生？,"招生对象及报考条件如下：

1. **招生范围**：广东省普通夏季高考考生
2. **语种要求**：公共外语教学为英语，非英语语种考生慎重报考
3. **身体与品德**：思想政治品德和身体健康状况合格
4. **分数要求**：达到广东省对应批次录取分数线
5. **志愿优先**：优先考虑填报第一专业志愿的考生

参考：2025年录取情况——物理类计算机科学与技术录取约140人，平均分509；通信工程录取约140人，平均分503。具体以当年招生简章为准。",招生条件,t,1,"{报考条件,招生对象,什么条件能报}","{招生对象,报考条件,录取条件,广东省,高考,分数线}",2026-06-10 22:49:45.346,2026-06-10 16:59:47.696
faq_official_2026_10,有些专业有多所合作院校，确定去国外哪所学校，是否需要选拔?,无额外的选拔环节，学生可根据自身情况自由选择合作院校，达到对应院校的申请要求即可办理入学。,intent_合作院校,t,1,"{选学校要选拔吗,怎么选国外学校}","{合作院校选择,选拔,自由选择,申请要求}",2026-06-10 13:42:55.236,2026-06-11 03:48:42.118
faq_official_2026_03,联合培养专业是否能够转入转出？若能，范围如何？,"本项目学生来自计划内全日制统一招生，被录取为该项目的本科生在读期间不得转入项目外其他专业（即不可转入普通本科专业），本校其他普通专业学生符合接收条件者可申请转入该项目内专业。

补充说明：学生可在项目内申请转换专业方向（如从计算机转通信工程等联合培养专业），需经国际教育学院考核选拔，且转入人数不超过该专业当年计划招生人数的15%，具体参见《2025年国际教育学院本科学生转专业工作实施方案》。",转专业政策,f,1,"{联培学生可以转普通本科吗,在读期间能转专业吗,该项目可以在读期间转入其他专业吗,中外联合培养可以转出吗,联培可以换专业吗,中外联培转专业规定,联合培养学生转专业政策,能不能转普本,转出联培项目,联培学生能转到普通院系吗}","{转专业,转出,转入,项目外,普通本科,15%,考核,选拔}",2026-06-10 13:42:47.944,2026-06-10 22:49:42.36
faq_official_2026_17,毕业生回国后，有没有专门针对留学回来的招聘会？,留学回国获得的学历可通过教育部留学服务中心申请学位认证，享受同等学力的各类招聘机会,就业,t,1,"{回国招聘会,留学回来找工作}","{招聘会,留学回国,学历认证,就业机会}",2026-06-10 13:43:04.372,2026-06-14 15:03:13.202
faq_official_2026_16,国际教育学院上课方式是什么样的？跟普本相比有什么特别之处吗？学的内容和其他学院的同专业有什么不同吗，会多学习国际的知识吗？,国际教育学院上课以中英双语授课为主，开设雅思专项课程，同时邀请国外合作院校教师来校开展专题授课。与普通本科专业相比，联培专业采用国际化培养体系，专业核心课同步国外合作院校的课程大纲，会额外增加国际前沿专业知识、跨文化交流等相关课程，培养学生的国际化视野与专业能力,教学方式,t,1,"{上课方式,怎么上课,教学方式,和普通本科区别}","{中英双语,授课方式,国际化,课程大纲,跨文化,国际视野}",2026-06-10 13:43:03.553,2026-06-11 05:17:12.941
faq_official_2026_25,是不是所有项目都要考雅思，成绩6.0分以上才能申请去国外的学校，如果雅思成绩不达标就不能出去？,所有国外合作院校的专业都有雅思成绩要求，雅思成绩不达标的话，可申请国外合作院校的配套语言班课程，具体要求以合作院校官方规定为准。,雅思要求,t,1,"{雅思不达标怎么办,雅思没过能出国吗,语言班}","{雅思成绩,6.0,语言要求,语言班,不达标}",2026-06-10 13:43:11.186,2026-06-16 04:30:19.217
faq_official_2026_26,如果选择继续留在五邑大学完成课程，那前面在五邑大学读的两年或三年的学籍和学分还承认吗？用不用重修？,选择在地国际化培养的学生，之前在五邑大学修读并考核合格的课程，其学籍与学分均会正常承认，无需重修；学生仅需继续修读该专业剩余的培养计划课程，全部考核合格即可正常毕业，获得五邑大学的毕业证和学位证,学籍学分,t,1,"{学籍承认吗,学分承认吗,要重修吗}","{学籍,学分承认,在地国际化,无需重修,剩余课程}",2026-06-10 13:43:11.905,2026-06-16 04:33:53.595
cmqaw7lvm005774dxaeget6ie,通信工程专业怎么样,通信工程是国家级一流本科专业建设点、广东省名牌专业、广东省特色专业，拥有推荐免试研究生资格。对接澳大利亚沃隆港大学（QS 184），培养方向涵盖电信工程与物联网、电子与电气工程等。,专业详情,t,1,{},{},2026-06-12 12:18:35.267,2026-06-12 12:18:59.503
cmq9mkhle00dm1118etvyif3h,通信工程专业国内阶段一年总费用大概多少,通信工程属于工科专业，国内阶段费用：学费5710元 + 项目培养费38000元 + 住宿费1500-1600元。若后两年选择不出国，项目培养费调整为48000元/年。赴国外学习阶段费用由合作院校根据当年标准收取。,intent_国内收费,t,1,"{通信工程学费多少,通信工程费用,通信工程收费,通信一年多少钱}",{},2026-06-11 15:00:53.907,2026-06-15 15:58:04.861
cmq9mkidc00dw111822dntqtk,这个中外合作项目所有专业都要交住宿费吗标准是多少,国内阶段所有专业均需缴纳住宿费，统一标准为1500-1600元/年。工科、经管文法类仅学费有区别，住宿费标准一致。,intent_国内收费,t,1,"{住宿费多少,宿舍费多少,所有专业住宿费一样吗}",{},2026-06-11 15:00:54.913,2026-06-11 15:04:02.999
faq_enroll_acc,会计学专业录取分数,会计学（中外联合培养）历年录取情况：\n\n2025年物理类：录取30人，最高分526，平均分503，最低分493，排位160236\n2025年历史类：录取70人，最高分542，平均分512，最低分503，排位48882\n\n选考要求：物理或历史，再选不限,录取数据,t,1,"{会计学录取分数,会计学分数线,会计录取,会计多少分,会计分数,会计排位}","{会计学,录取,分数,分数线,排位,2025}",2026-06-15 17:34:33.425,2026-06-15 15:22:34.751
cmq9lwu1b009o1118ugpasyat,法学专业2026年招多少人,2026年五邑大学法学（中外联合培养）专业计划招生100人。,intent_招生计划,t,1,"{法学招多少人,法律招多少人,法学招生人数,法学招多少}",{},2026-06-11 14:42:30.287,2026-06-11 14:42:42.576
faq_official_2026_09,项目毕业生的学位证书是否能获得中国教育部留学服务中心的认证？学校是否提供就业指导支持？,完成项目要求、获得国外院校学位证书后，可通过教育部留学服务中心申请学位认证，学校会提供认证所需的学籍证明、项目批文等材料。学校就业指导中心为项目毕业生提供海外就业信息、国内企业校招对接及简历优化等专项服务。,学位认证就业,t,1,"{留服认证,就业指导}","{中留服,学位认证,教育部,就业指导,证明材料,留学服务中心}",2026-06-10 13:42:53.887,2026-06-15 12:04:25.01
faq_official_2026_18,如果我在国外成绩特别优秀，有没有机会申请转到更好（非合作）的大学？,本科阶段若在合作院校成绩优异，可自主申请全球范围内其他高校的本科转学，学校可提供对应的成绩单、学习证明等申请支持材料；同时也可凭借优异的本科成绩，申请全球顶尖高校的硕士、博士项目。,深造升学,f,1,"{成绩优秀可以转其他学校吗,能申请顶尖大学吗,可以自主申请其他院校吗}","{成绩优秀,转学,申请其他高校,硕士博士,证明材料}",2026-06-10 13:43:05.26,2026-06-11 03:49:09.836
cmqgtsms9006sf7vn974x1ttk,老师请问如果英语没那么好，只是一般水平的话，能听懂课吗？好毕业吗,毕业看学生自己，有些英语很好，不努力一样也毕不了业。没有好不好毕业这个说法！,,t,1,"{英语不好能听懂吗,英语一般能跟上吗,英语基础差好毕业吗,英语一般好毕业吗}","{英语,听懂,毕业,基础,水平}",2026-06-16 15:57:34.425,2026-06-17 07:29:31.577
faq_qa_008,外省的也可以报考吗？,我们外省初定江西、福建两个省份招生，但最终须以该省考试院公布为准。若其他省份希望就读中外联培项目，可报考普通类专业，被录取进校后，申请转入中外联培专业就读。,招生条件,t,1,"{外省,省外,外省报考,其他省份,江西,福建,省外考生,外省能报吗,广东以外能报吗,其他省能报吗}","{外省,省外,报考,省份,江西,福建}",2026-06-12 21:32:25.122,2026-06-12 13:34:20.175
faq_qa_014,中外联合培养也有保研资格吗,五邑大学是有推免资格的，中外联培项目学生享受普通专业学生一样的待遇。,深造升学,t,1,"{保研,推免,保研资格,推免资格,考研,升学,能保研吗,有推免吗,可以保研吗,保研名额}","{保研,推免,资格,升学,考研,待遇}",2026-06-12 21:32:25.122,2026-06-17 03:40:18.526
faq_official_2026_30,请问会计专业一定要出国吗？什么情况下可以不出国？,可以。除金融学中澳班外，其他中外联合培养项目均可选择不出国，通过在地国际化在国内完成学业。\n\n不同项目的出国要求：\n- 金融学中澳班：属于定向出国培养项目，报考时需有明确的出国意向，不适合明确选择不出国的同学。\n- 其他联培项目（计算机、通信工程、人工智能、英语、会计学、金融学国际班、法学等）：鼓励出国，但允许因个人原因选择在地国际化，留在五邑大学按国际化培养模式完成后续学业。\n\n选择不出国（在地国际化）的影响：\n- 仅授予五邑大学学士学位和本科毕业证\n- 无法获得国外合作院校的学位\n- 出国无额外选拔考试，凡修读完国内阶段课程且英语达到合作院校要求的学生，均可申请出国\n- 选择不出国无需提供证明，留在原班级编制，不重新分配班级\n\n具体以当年官方通知为准。,会计专业,f,1,"{会计专业能不出国吗,会计专业在地国际化,会计什么情况不出国}","{会计,在地国际化,后两年,五邑大学学士}",2026-06-10 13:43:17.329,2026-06-11 13:08:54.725
cmq9mki0e00ds1118kaluv16f,联合培养项目里工科具体包含哪些专业,工科类包含计算机科学与技术、通信工程、人工智能。,intent_专业分类,t,1,"{工科有哪些专业,工科包含什么,工科类专业,工科包括哪些}",{},2026-06-11 15:00:54.447,2026-06-11 15:03:57.418
cmq9mki9400du1118kzp16dx5,经管文法类包含会计学金融之外还有哪些专业,除会计学、金融学外，经管文法类还包含法学、英语。,intent_专业分类,t,1,"{经管文法有哪些专业,经管类包含什么,经管文法类专业,文科有哪些专业}",{},2026-06-11 15:00:54.76,2026-06-11 15:04:02.819
faq_official_2026_08,国外学习期间，学校是否提供境外管理与保障服务？学生的住宿问题如何解决？,五邑大学在合作院校设有境外学生事务联络点，配备专职联络老师；合作院校协助学生安排校内宿舍或推荐合规的校外公寓，学生可根据自身需求自主选择，住宿费用自理。,境外生活,t,0,"{境外管理,国外住宿,国外生活}","{境外管理,联络点,联络老师,宿舍,住宿,保障服务}",2026-06-10 13:42:53.191,2026-06-10 13:42:53.191
faq_official_2026_22,毕业时毕业论文是否需要国内国外都要完成一份,需按要求完成五邑大学的毕业论文，同时满足国外合作院校的毕业相关要求,毕业要求,t,0,"{毕业论文,论文要求}","{毕业论文,国内要求,国外要求,毕业条件}",2026-06-10 13:43:08.825,2026-06-10 13:43:08.825
faq_enroll_2024_comm,2024年通信工程中外联合培养录取分数,2024年五邑大学通信工程（中外联合培养）录取情况：选考科目物理+化学，全省招生，录取50人，最高分520，最低分499，平均分504，平均排位141739，最低排位150135,录取数据,f,0,"{2024通信录取,2024通信分数,2024通信分数线}","{2024,通信工程,录取,分数,分数线,排位}",2026-06-15 13:40:47.271,2026-06-15 15:56:38.162
cmq9lwtp8009k1118yizo06ou,金融学专业2026年招多少人,2026年五邑大学金融学（中外联合培养）专业计划招生110人。,intent_招生计划,t,0,"{金融学招多少人,金融招多少人,金融学招生人数,金融招多少}",{},2026-06-11 14:42:29.853,2026-06-11 14:42:29.853
faq_table_1781023978597_4yqz,物理类会计学2025 年录取分数?,"2025 年物理科目会计学录取 30 人,平均分 501,平均排位 163758。",录取数据,f,0,"{会计学录取分数,会计分数线}","{物理,会计学,录取,分数}",2026-06-10 00:52:58.598,2026-06-10 00:52:58.598
faq_enroll_2025_acc_phy,2025年会计学物理类中外联合培养录取分数,2025年五邑大学会计学（中外联合培养）物理类录取情况：录取30人，最高分526，最低分493，平均分503，平均排位160236，最低排位177060,录取数据,f,0,"{2025会计学物理录取,2025会计学物理分数,2025会计物理类}","{2025,会计学,物理,录取,分数,排位}",2026-06-15 13:40:47.271,2026-06-15 15:56:38.675
faq_enroll_2025_comm,2025年通信工程中外联合培养录取分数,2025年五邑大学通信工程（中外联合培养）录取情况：选考科目物理+化学，全省招生，录取140人，最高分549，最低分495，平均分501，平均排位163758，最低排位173849,录取数据,f,0,"{2025通信录取,2025通信分数,2025通信分数线}","{2025,通信工程,录取,分数,分数线,排位}",2026-06-15 13:40:47.271,2026-06-15 15:56:38.323
faq_enroll_2025_cs,2025年计算机科学与技术中外联合培养录取分数,2025年五邑大学计算机科学与技术（中外联合培养）录取情况：选考科目物理+化学，全省招生，录取140人，最高分550，最低分500，平均分509，平均排位149384，最低排位165257,录取数据,f,0,"{2025计算机录取,2025计算机分数,2025计算机分数线,2025计科录取}","{2025,计算机,录取,分数,分数线,排位}",2026-06-15 13:40:47.271,2026-06-15 15:55:03.1
faq_extra_1781022709946_e70r1v,麦考瑞大学怎么样?有什么优势?,"麦考瑞大学(澳大利亚),QS QS 138。核心优势:语言学全球第 36 位,商学院获 AACSB 认证。",合作院校,t,0,"{麦考瑞大学介绍,麦考瑞大学排名,麦考瑞大学优势,麦考瑞大学好不好}","{麦考瑞大学,澳大利亚,合作院校}",2026-06-10 00:31:49.947,2026-06-11 03:56:11.997
cmqgtsoku0072f7vnw72iv91f,不出国，是否只能拿本科毕业证和学士学位？,不出国的话，修完本专业所有的教学计划，符合学位颁发条件的，由五邑大学发本科毕业证和学位证。,,t,0,"{不出国拿什么证,不出国只有本科证吗,在地国际化学位证,不出国只有毕业证吗}","{不出国,毕业证,学位证,本科,在地国际化}",2026-06-16 15:57:36.75,2026-06-16 16:20:41.842
faq_table_1781023978581_5ood,悉尼科技大学(UTS)的 QS 排名和认证情况?,"悉尼科技大学(UTS)位于澳大利亚,QS 排名 96。核心优势:全球第 11 位顶尖新兴大学,澳大利亚第 1 位。认证情况:会计学获 ACCA、CPA Australia 认证。",合作院校详情,f,0,"{悉尼科技大学(UTS)介绍,悉尼科技大学(UTS)排名,悉尼科技大学(UTS)认证,悉尼科技大学(UTS)优势}","{悉尼科技大学(UTS),澳大利亚,合作院校}",2026-06-10 00:52:58.582,2026-06-11 03:56:14.283
faq_table_1781023978594_ih1m,麦考瑞大学优秀学生奖学金多少钱?怎么申请?,"麦考瑞大学优秀学生奖学金:金额 5000-10000 澳元/年,申请条件 提前一年公布。",奖学金,t,0,{麦考瑞奖学金},"{麦考瑞大学,优秀学生奖学金,奖学金}",2026-06-10 00:52:58.594,2026-06-10 00:52:58.594
cmqgtspek0076f7vn6dowctv8,请问中外合作办学专业，在学信网查询会否有标注中外合作之类的字眼？,没有的，学信网上不会标注中外合作字眼。,,t,0,"{学信网有中外标注吗,学信网显示中外合作吗,学信网查得到中外吗}","{学信网,中外合作,标注,查询}",2026-06-16 15:57:37.82,2026-06-16 16:26:17.538
faq_table_1781023978592_38vx,朴次茅斯大学校长国际优秀奖学金多少钱?怎么申请?,"朴次茅斯大学校长国际优秀奖学金:金额 5000 英镑/人,申请条件 成绩优异。",奖学金,t,0,"{朴次茅斯优秀奖学金,朴次茅斯校长奖学金5000}","{朴次茅斯大学,校长国际优秀奖学金,奖学金}",2026-06-10 00:52:58.592,2026-06-10 00:52:58.592
faq_table_1781023978588_bf9f,计算机科学与技术去朴次茅斯大学(硕士)雅思要多少?,"计算机科学与技术申请朴次茅斯大学(硕士)雅思要求:总分 6.0,单科≥5.5(本校本科毕业免雅思)。",入学要求,t,0,"{计算机硕士雅思,计算机研究生雅思}","{计算机科学与技术,朴次茅斯大学(硕士),雅思}",2026-06-10 00:52:58.588,2026-06-10 00:52:58.588
faq_extra_1781022709948_2bv4hb,维多利亚大学怎么样?有什么优势?,"维多利亚大学(澳大利亚),QS 泰晤士前 2%。核心优势:连续两年澳大利亚就业技能第一。",合作院校,t,0,"{维多利亚大学介绍,维多利亚大学排名,维多利亚大学优势,维多利亚大学好不好}","{维多利亚大学,澳大利亚,合作院校}",2026-06-10 00:31:49.949,2026-06-11 03:56:12.997
faq_table_1781023978594_9oz3,斯旺西大学本科/硕士奖学金多少钱?怎么申请?,"斯旺西大学本科/硕士奖学金:金额 2000 英镑/人(本科)/1000-5000 英镑/人(硕士),申请条件 成绩评定。",奖学金,t,0,{斯旺西奖学金},"{斯旺西大学,本科/硕士奖学金,奖学金}",2026-06-10 00:52:58.595,2026-06-10 00:52:58.595
faq_enroll_2025_acc_hist,2025年会计学历史类中外联合培养录取分数,2025年五邑大学会计学（中外联合培养）历史类录取情况：录取70人，最高分542，最低分503，平均分512，平均排位48882，最低排位55521,录取数据,f,0,"{2025会计学历史录取,2025会计学历史分数,2025会计历史类}","{2025,会计学,历史,录取,分数,排位}",2026-06-15 13:40:47.271,2026-06-15 15:56:38.847
faq_enroll_2025_eng_hist,2025年英语历史类中外联合培养录取分数,2025年五邑大学英语（中外联合培养）历史类录取情况：录取84人，最高分535，最低分493，平均分505，平均排位54378，最低排位63797,录取数据,f,0,"{2025英语历史录取,2025英语历史分数,2025英语历史类}","{2025,英语,历史,录取,分数,排位}",2026-06-15 13:40:47.271,2026-06-15 15:56:39.132
faq_table_1781023978594_4lhu,悉尼科技大学学费减免多少钱?怎么申请?,"悉尼科技大学学费减免:金额 约 20%,申请条件 提前一年公布。",intent_国内收费,t,0,"{悉尼科技减免,悉尼科技奖学金}","{悉尼科技大学,学费减免,奖学金}",2026-06-10 00:52:58.595,2026-06-10 00:52:58.595
cmqgtsniv006wf7vndzz8xo6h,4+0拿的计算机科学与技术，四年后拿的是哪个国外大学的毕业证？,我们的是中外联合培养，没有4+0这一说。如果选择在地国际化留在学校培养的，只拿五邑大学的学位和毕业证。,,t,0,"{4+0拿哪个国外大学文凭,4+0国外学位证,在地国际化拿什么证,不出国拿国外学位吗}","{4+0,在地国际化,国外,毕业证,学位证}",2026-06-16 15:57:35.384,2026-06-16 16:20:37.267
faq_table_1781023978593_wfl1,萨塞克斯大学卓越学科奖学金多少钱?怎么申请?,"萨塞克斯大学卓越学科奖学金:金额 3000 英镑,申请条件 卓越学科。",奖学金,t,0,{萨塞克斯卓越奖学金},"{萨塞克斯大学,卓越学科奖学金,奖学金}",2026-06-10 00:52:58.594,2026-06-10 00:52:58.594
cmqgtso8n0070f7vnql17whsx,会计学的2+2项目，在国外完成两年学习以后，可以直接入读悉尼科技大学的硕士吗？,由悉尼科技大学的本科学习经历，申请本校非常容易的，甚至可以申请排名更好的学校。,,t,0,"{会计学2+2读悉尼科技硕士,悉尼科技本科升硕士,会计出国后能读硕士吗,2+2后能申请硕士吗}","{会计学,悉尼科技,硕士,2+2,申请}",2026-06-16 15:57:36.311,2026-06-16 16:20:40.373
cmqgtsnsw006yf7vngyp915zn,所有专业都是可以在国内进行在地国际化培养吗？,除金融学中澳班外，其他中外联合培养项目均可选择不出国，通过在地国际化在国内完成学业。,,t,0,"{所有专业都能不出国吗,哪些专业可以不出国,中澳班能不出国吗,在地国际化所有专业吗}","{在地国际化,不出国,所有专业,中澳班,国内}",2026-06-16 15:57:35.744,2026-06-16 16:20:38.851
faq_table_1781023978593_ieds,萨塞克斯大学校长国际奖学金多少钱?怎么申请?,"萨塞克斯大学校长国际奖学金:金额 5000 英镑,申请条件 成绩优异。",奖学金,t,0,{萨塞克斯校长奖学金},"{萨塞克斯大学,校长国际奖学金,奖学金}",2026-06-10 00:52:58.594,2026-06-10 00:52:58.594
cmqhpphwh00asf7vnkxq0qlmi,假如出国了在国外学校的学费是要两年一次性交齐吗还是分学期交,一样是按年交的，跟国内一样按学年缴纳。,,t,0,"{国外学费怎么交,国外学费一次交吗,出国学费按学期还是按年,国外学费分学期交吗,海外学费缴纳方式}","{国外,学费,交费,缴纳,按年,一次性}",2026-06-17 06:50:55.841,2026-06-17 06:51:44.432
cmqgtsn8x006uf7vneur0shsd,今年扩招了，可以参考去年的录取排位吗,今年的招生计划有一定幅度的扩招，相同专业的可以参照去年的录取分数线。,,t,0,"{去年排位能参考吗,参考去年分数线,今年扩招参考去年,参照去年录取}","{去年,排位,参考,扩招,分数线}",2026-06-16 15:57:35.026,2026-06-16 16:20:35.627
faq_table_1781023978586_3nfi,斯旺西大学的 QS 排名和认证情况?,"斯旺西大学位于英国,QS 排名 292。核心优势:商业与管理研究全球第 78 位。认证情况:金融学获 ACCA 认证。",合作院校详情,f,0,"{斯旺西大学介绍,斯旺西大学排名,斯旺西大学认证,斯旺西大学优势}","{斯旺西大学,英国,合作院校}",2026-06-10 00:52:58.587,2026-06-11 03:56:13.436
faq_table_1781023978592_z9sg,朴次茅斯大学校长国际奖学金多少钱?怎么申请?,"朴次茅斯大学校长国际奖学金:金额 2500 英镑/人,申请条件 择优颁发。",奖学金,t,0,{朴次茅斯校长奖学金2500},"{朴次茅斯大学,校长国际奖学金,奖学金}",2026-06-10 00:52:58.592,2026-06-10 00:52:58.592
faq_table_1781023978591_zbq0,金融学(中澳班)去麦考瑞大学雅思要多少?,"金融学(中澳班)申请麦考瑞大学雅思要求:总分 6.5,单科≥6.0。",入学要求,t,0,"{金融中澳班雅思,金融麦考瑞雅思}","{金融学(中澳班),麦考瑞大学,雅思}",2026-06-10 00:52:58.591,2026-06-10 00:52:58.591
faq_qa_003,不出国的后续学习可以理解为跟国内普通班的教学内容一样吗？,学习内容基本一样，区别是有一部分课程双语授课。,培养方案,t,0,"{普通班,教学内容,双语,课程一样,和普通班一样吗,跟普通专业一样吗,不出国跟普通班,教学内容区别,课程内容}","{普通班,教学,内容,双语,一样}",2026-06-12 21:32:25.122,2026-06-12 21:32:25.122
faq_table_1781023978585_dnl8,麦考瑞大学的 QS 排名和认证情况?,"麦考瑞大学位于澳大利亚,QS 排名 138。核心优势:语言学全球第 36 位,毕业生就业能力全澳第 4。认证情况:应用语言学获 NEAS 认证,翻译获 NAATI 认证,商学院获 AACSB 认证。",合作院校详情,f,0,"{麦考瑞大学介绍,麦考瑞大学排名,麦考瑞大学认证,麦考瑞大学优势}","{麦考瑞大学,澳大利亚,合作院校}",2026-06-10 00:52:58.585,2026-06-11 03:56:13.277
faq_table_1781023978591_vlgz,法学去萨塞克斯大学雅思要多少?,"法学申请萨塞克斯大学雅思要求:总分 6.0,单科≥5.5。",入学要求,t,0,"{法学雅思,法学萨塞克斯雅思}","{法学,萨塞克斯大学,雅思}",2026-06-10 00:52:58.592,2026-06-10 00:52:58.592
faq_qa_007,不需要考雅思才能报志愿吧,不需要。,招生条件,t,0,"{雅思报志愿,报考雅思,雅思要求,考雅思,报志愿要雅思吗,不考雅思能报吗,雅思多少分,雅思条件}","{雅思,报志愿,报考,志愿,不需要}",2026-06-12 21:32:25.122,2026-06-12 21:32:25.122
faq_qa_009,在地国际化是大一上学期就申请吗？还是可以到时候看情况再决定？,国内学习阶段最后一学期申请。,培养方案,t,0,"{在地国际化申请,什么时候申请,大一申请,申请时间,什么时候决定,什么时候选,大一就要决定吗,可以后面再决定吗,不出国什么时候申请}","{在地国际化,申请,时间,大一,最后一学期}",2026-06-12 21:32:25.122,2026-06-12 21:32:25.122
faq_qa_010,中外联合培养的英语专业，是纯英语吗？,英语专业就是主要专攻英语，之后发展方向大致有文学、语言学、翻译等，国外合作学校的方向您也可以查看简章内容。,专业详情,t,0,"{纯英语,英语方向,英语专业方向,英语学什么,英语专业学什么,英语课程,英语专业内容}","{英语,纯英语,方向,专业,文学,语言学,翻译}",2026-06-12 21:32:25.122,2026-06-12 21:32:25.122
faq_official_2026_31,没有限制条件，可以自行决定留在国内完成培养是吗？,是的,在地国际化,f,0,{可以自己决定不出国吗},"{自行决定,在国内,限制条件,无需申请,在地国际化,不出国,国内完成培养}",2026-06-10 13:43:18.102,2026-06-10 15:53:45.739
faq_qa_015,会计学专业中外联合培养，本科阶段如果选择不出国，那么申请国外的研究生对比普通专业学生，还有优势吗？,不出国申请国外硕士优势是有，因为我们联培授课都是全英或双语，学生英文水平肯定比普通专业好。但是如果你选择出国的话，申请国外的硕士会更容易，而且会申请到更好的硕士学校，这也是我们这个项目的优势之一。,深造升学,t,0,"{申请国外硕士,出国读研,留学优势,考研优势,不出国申请硕士,英文优势,不出国能申请国外硕士吗,不出国读研有优势吗,出国读研好吗}","{申请,国外,硕士,优势,留学,英文,不出国}",2026-06-12 21:32:25.122,2026-06-12 21:32:25.122
faq_table_1781023978591_bijt,金融学(国际班)去斯旺西大学雅思要多少?,"金融学(国际班)申请斯旺西大学雅思要求:总分 6.0,单科≥5.5。",入学要求,t,0,"{金融国际班雅思,金融斯旺西雅思}","{金融学(国际班),斯旺西大学,雅思}",2026-06-10 00:52:58.591,2026-06-10 00:52:58.591
faq_table_1781023978590_n30x,英语去麦考瑞大学雅思要多少?,"英语申请麦考瑞大学雅思要求:总分 6.5,单科≥6.0。",入学要求,t,0,"{英语麦考瑞雅思,英语澳洲雅思}","{英语,麦考瑞大学,雅思}",2026-06-10 00:52:58.591,2026-06-10 00:52:58.591
faq_table_1781023978590_33qt,英语去朴次茅斯大学(硕士)雅思要多少?,"英语申请朴次茅斯大学(硕士)雅思要求:总分 6.0-6.5,单科≥6.0-6.5。",入学要求,t,0,"{英语硕士雅思,英语研究生雅思}","{英语,朴次茅斯大学(硕士),雅思}",2026-06-10 00:52:58.59,2026-06-10 00:52:58.59
cmqhppio900ayf7vnnqjhkqrk,物理类和历史类的英语专业都编在一起上课吗,同一专业肯定是一起上课的，不分物理类和历史类。,,t,0,"{物理历史英语一起上课吗,不同科类一起上课吗,英语专业分班吗,物理类历史类一起上课}","{物理,历史,英语,上课,一起,分班}",2026-06-17 06:50:56.841,2026-06-17 06:51:45.425
cmqhppien00awf7vnq89s6izk,英语和法学放在一个专业组今年招的英语人数也大幅下降会调剂吗,今年中外联合培养项目，在考生达到专业组内某一个专业的最低录取分被提档后，学校将根据各专业教学承载能力和实际情况，尽可能录取考生填报的第一个专业，所以说尽量把自己想上的专业放在前面。,,t,0,"{英语法学同组会调剂吗,专业组内调剂,英语招的人少会被调剂吗,英语法学一个组调剂,服从调剂会调到法学吗}","{调剂,专业组,英语,法学,提档,第一志愿}",2026-06-17 06:50:56.495,2026-06-17 06:51:45.088
cmqgtsq77007af7vnh0cqq4ed,今年中外联合培养的计算机科学与技术有三个模式，分别是2+2（计算机科学方向）、2+2(数据科学方向)、2+2+1（工学硕士），请问是不是在填报志愿的时候就要明确选择其中的一个？,不需要的，括号里面是国外合作院校的专业名称，前两年在我们这里就读的就是计算机科学与技术专业。,,t,0,"{计算机三个模式怎么选,2+2和2+2+1要提前选吗,填报志愿选哪个模式,计算机方向需要选择吗}","{计算机,模式,2+2,2+2+1,志愿,方向}",2026-06-16 15:57:38.851,2026-06-16 16:26:20.782
faq_table_1781023978587_vzsv,朴次茅斯大学的 QS 排名和认证情况?,"朴次茅斯大学位于英国,QS 排名 QS 五星级大学。核心优势:计算机科学全英现代大学科研排名第五。认证情况:计算机专业获 BCS 认证。",合作院校详情,f,0,"{朴次茅斯大学介绍,朴次茅斯大学排名,朴次茅斯大学认证,朴次茅斯大学优势}","{朴次茅斯大学,英国,合作院校}",2026-06-10 00:52:58.587,2026-06-11 03:56:13.948
cmqhppi8q00auf7vnizwt2m45,有出国打算但大二要申请时钱还没准备好能延迟出国吗学校有补助吗,符合家庭经济困难认定的同学，经困难认定后平均资助标准每生每年3700元。另外国家生源地助学贷款每人每年最高20000元，在读期间免息。,,t,0,"{经济困难能出国吗,钱不够可以延迟出国吗,学校有补助吗,有助学贷款吗,困难学生补助,延迟出国申请}","{经济困难,补助,延迟出国,助学贷款,困难认定,资助}",2026-06-17 06:50:56.283,2026-06-17 06:51:44.764
faq_extra_1781022709947_1ba0kt,萨塞克斯大学怎么样?有什么优势?,"萨塞克斯大学(英国),QS QS 278。核心优势:92% 研究成果世界领先,计算机获 BCS 认证。",合作院校,t,0,"{萨塞克斯大学介绍,萨塞克斯大学排名,萨塞克斯大学优势,萨塞克斯大学好不好}","{萨塞克斯大学,英国,合作院校}",2026-06-10 00:31:49.948,2026-06-11 03:56:12.479
cmqhppiy900b0f7vnyjt3jvsi,专业组内的所有专业都要报上才能被最低分的专业提档然后把想读的专业排在第一位吗,对的，没错。建议把最想读的专业放在第一志愿。,,t,0,"{专业组要全部报满吗,志愿怎么填,专业组内怎么排序,把想读的放第一,提档规则}","{专业组,志愿,提档,第一志愿,排序}",2026-06-17 06:50:57.202,2026-06-17 06:51:45.749
faq_table_1781023978598_4475,物理类英语2025 年录取分数?,"2025 年物理科目英语录取 36 人,平均分 490,平均排位 183772。",录取数据,f,0,"{英语录取分数,英语分数线}","{物理,英语,录取,分数}",2026-06-10 00:52:58.598,2026-06-10 00:52:58.598
faq_enroll_eng,英语专业录取分数,英语（中外联合培养）历年录取情况：\n\n2025年物理类：录取36人，最高分505，平均分490，最低分484，排位183772\n2025年历史类：录取84人，最高分535，平均分505，最低分493，排位54378\n\n选考要求：物理或历史，再选不限,录取数据,t,0,"{英语录取分数,英语分数线,英语录取,英语多少分,英语分数,英语排位}","{英语,录取,分数,分数线,排位,2025}",2026-06-15 17:34:33.425,2026-06-15 09:41:36.671
faq_official_2026_27,读完四年有毕业证吗？是五邑大学颁发的吗？,按培养计划完成四年全部课程学习、达到毕业要求的学生，均可获得本科毕业证书；其中，出国完成培养的学生，可同时获得五邑大学的本科毕业文凭、学士学位证书和国外合作院校的学位证书；选择在地国际化培养的学生，可获得五邑大学的本科毕业文凭与学士学位证书,证书学位,t,0,"{有毕业证吗,毕业证谁发,学位证谁发}","{毕业证书,本科毕业,四年,五邑大学,国外学位}",2026-06-10 13:43:14.418,2026-06-10 13:43:14.418
faq_official_2026_20,联培学生去到合作院校，选课、实习、奖学金上和直录生等待遇一样吗？,在选课、实习、基础奖学金申请上与直录生待遇一致，同时联培生均可获得外方提供的专项奖学金，享受专属的学费政策优惠。,intent_合作院校,t,0,"{联培生待遇,和直录生一样吗}","{直录生待遇,选课,实习,奖学金,学费优惠}",2026-06-10 13:43:06.761,2026-06-10 13:43:06.761
faq_table_1781023978592_k4ng,朴次茅斯大学校友学费减免多少钱?怎么申请?,"朴次茅斯大学校友学费减免:金额 硕士学费减免 20%,申请条件 本校本科毕业继续攻读硕士。",intent_国内收费,t,0,"{朴次茅斯校友减免,朴次茅斯硕士减免}","{朴次茅斯大学,校友学费减免,奖学金}",2026-06-10 00:52:58.593,2026-06-10 00:52:58.593
faq_table_1781023978593_3ntx,沃隆港大学学费减免多少钱?怎么申请?,"沃隆港大学学费减免:金额 20%/30%,申请条件 国内前 2 年均分<80/≥80。",intent_国内收费,t,0,"{沃隆港减免,沃隆港奖学金}","{沃隆港大学,学费减免,奖学金}",2026-06-10 00:52:58.593,2026-06-10 00:52:58.593
faq_table_1781023978593_5n34,维多利亚大学学费减免多少钱?怎么申请?,"维多利亚大学学费减免:金额 10%/20%/30%,申请条件 国内第 2 年均分≥60/70/80 分。",intent_国内收费,t,0,"{维多利亚减免,维多利亚奖学金}","{维多利亚大学,学费减免,奖学金}",2026-06-10 00:52:58.593,2026-06-10 00:52:58.593
faq_official_2026_15,出国后，若因为一些原因无法继续在国外学习，怎么办？能回五邑大学读吗？,确有特殊情况无法继续在国外学习的，可向学校申请返回五邑大学完成剩余学业，需完成后续的教学计划，国外院校学习的课程可进行认定，在校学习时间可能会延长。,特殊情况,t,0,"{国外读不下去怎么办,能回国读吗}","{无法继续,返回,剩余学业,课程认定,延长学习}",2026-06-10 13:43:02.632,2026-06-10 13:43:02.632
faq_official_2026_14,出国时间可以定吗?是否可以获得奖学金减免?出国后还和同班同学一起上课吗?课程会不会很紧张?,根据合作院校开学时间进行选择，部分合作院校会根据五邑大学成绩进行部分学费减免，课程学习和分班按照外方院校政策规定进行；外方课程节奏设置合理，学生可按培养计划正常完成学业。,出国安排,t,0,"{出国时间,奖学金减免,出国后课程}","{出国时间,奖学金减免,分班,课程节奏,培养计划}",2026-06-10 13:43:00.176,2026-06-10 13:43:00.176
faq_official_2026_13,出国的学生入党申请怎么处理？出国期间党籍怎么办？,出国期间党员发展流程暂缓，等回国后按照流程继续考察培养。,党务,t,0,"{出国后党籍,出国入党}","{入党,党籍,党员,出国期间,培养考察}",2026-06-10 13:42:58.729,2026-06-10 13:42:58.729
faq_extra_1781022709948_drw74v,斯旺西大学怎么样?有什么优势?,"斯旺西大学(英国),QS QS 292。核心优势:商业与管理全球第 78,金融学获 ACCA 认证。",合作院校,t,0,"{斯旺西大学介绍,斯旺西大学排名,斯旺西大学优势,斯旺西大学好不好}","{斯旺西大学,英国,合作院校}",2026-06-10 00:31:49.948,2026-06-11 03:56:12.672
faq_enroll_2025_eng_phy,2025年英语物理类中外联合培养录取分数,2025年五邑大学英语（中外联合培养）物理类录取情况：录取36人，最高分505，最低分484，平均分490，平均排位183772，最低排位193538,录取数据,f,0,"{2025英语物理录取,2025英语物理分数,2025英语物理类}","{2025,英语,物理,录取,分数,排位}",2026-06-15 13:40:47.271,2026-06-15 15:56:38.987
